Artist,Lyrics
liluzi,"226 ContributorsThe Way Life Goes Lyrics[Refrain: Lil Uzi Vert] That's true (That's true), that's right (That right, that right) She's sipping Moët, and yeah, I swear it get her wetter My Louboutins new, so my bottoms, they is redder (Yeah, it's red) No I'm not a rat but I'm all about my cheddar ('Bout my bread) Just talked to your homie she said we should be together (Yeah) Gave me brain, was so insane that I made her my header (Woah) If she ever call my phone you know I gotta dead her But I like that girl too much, I wish I never met her  [Bridge: Lil Uzi Vert] Hello I was listening to this song It go like [Chorus: Lil Uzi Vert] I know it hurts sometimes but you'll get over it (Yeah) You'll find another life to live (Yeah) I swear that you'll get over it I know you're sad and tired You've got nothing left to give (Yeah) You'll find another life to live (Yeah) I know that you'll get over it (Yeah)  [Verse 1: Lil Uzi Vert] Wish I never ever ever told you things I was only only trying to show you things (Yeah) Iced out heart on your neck tried to froze your ring I had to get me a new bitch to hold the pain We was in Hawaii looking at the ring (Damn, yeah) She smiling happy but I'm laughing 'cause her new man's a lame (Broke boy, broke boy, broke boy, broke boy) Damn, that just goes to show me money don't attract a thing (Real shit) Stuck to the plan even though you used to go with my mans  [Chorus: Lil Uzi Vert] I know it hurts sometimes but you'll get over it (Yeah) You'll find another life to live I swear that you'll get over it And I know you're sad and tired You've got nothing left to give (Yeah) You'll find another life to live (Ayy) I know that you'll get over it You might also like[Verse 2: Lil Uzi Vert] See, I tied up my Raf, you strapped up your Rick Diamonds on your neck, ice all on my wrist Complement my style She don't want me, I'm running wild You know I respect her on that level She don't want me then I'ma let her (Bye) Go over there with that broke fella (Go over) Walk off my Saint Laurent, that leather, ooh (Yeah) My new chick I swear that she better, ooh Want me back, never (Ooh)  [Refrain: Lil Uzi Vert] That's true (That's true), that's right (That right, that right) She's sipping Moët, and yeah I swear it get her wetter (Woah) My Louboutins new, so my bottoms, they is redder (Yeah, it's red) No, I'm not a rat but I'm all about my cheddar ('Bout my bread) Just talked to your homie she said we should be together (Yeah) Gave me brain, was so insane that I made her my header (Woah) If she ever call my phone you know I gotta dead her But I like that girl too much, I wish I never met her  [Chorus: Oh Wonder & Lil Uzi Vert] I know it hurts sometimes but (Woah), you'll get over it (But why?) You'll find another life to live (You'll find) I swear that you'll get over it (You'll get over it) I know it hurts sometimes but you'll get over it (No, no) You'll find another life to live (You will) I know that you'll get over it (Oh) [Outro: Lil Uzi Vert & Oh Wonder] That's true, that's right She's sipping Moët, and yeah, I swear it get her wetter My Louboutins new, so my bottoms, they is redder No I'm not a rat but I'm all about my cheddar Just talked to your homie she said we should be together (You will get over it) Gave me brain, was so insane that I made her my header If she ever call my phone you know I gotta dead her But I like that girl too much, I wish I never met her182Embed"
liluzi,"540 ContributorsTranslationsРусскийPortuguêsItalianoXO TOUR Llif3 Lyrics[Intro] Are you alright? I'm alright, I'm quite alright And my money's right 8… (Yeah) Countin' them bands All way to the top 'til they be fallin' over (Yeah, yeah, yeah) Countin' them bands On my way to the top 'til we fallin' over [Chorus] I don't really care if you cry On the real, you shoulda never lied Shoulda saw the way she looked me in my eyes She said, ""Baby, I am not afraid to die"" Push me to the edge All my friends are dead Push me to the edge All my friends are dead Push me to the edge All my friends are dead Push me to the edge  [Verse 1] Phantom that's all red, inside all white Like somethin' you ride a sled down, I just want that head My Brittany got mad, I'm barely her man now Everybody got the same swag now Watch the way that I tear it down Stackin' my bands all the way to the top All the way 'til my bands fallin' over Every time that you leave your spot Your girlfriend call me like, ""Come on over!"" I like the way that she treat me Gon' leave you, won't leave me, I call it that Casanova She say I'm insane, yeah Wanna blow my brain out (Hey) Xanny, help the pain, yeah Please, Xanny, make it go away I'm committed, not addicted, but it keep control of me All the pain, now I can't feel it I swear that it's slowin' me, yeah You might also like[Chorus] I don't really care if you cry On the real, you shoulda never lied Saw the way she looked me in my eyes She said, ""I am not afraid to die"" (Yeah) All my friends are dead Push me to the edge (Yeah) All my friends are dead, yeah, ooh Push me to the edge All my friends are dead, yeah All my friends are dead, yeah  [Verse 2] That is not your swag, I swear you fakin' Now these niggas wanna take my cadence (Yeah) Rain on 'em, thunderstorm, rain on 'em (Ooh, yeah) Make some, lil' nigga, take some (Yeh, yeh) Fast car, NASCAR, race on 'em In the club, ain't got no ones, then we would beg them Clothes from overseas, got the racks and they all C-Notes You is not a G though Lookin' at you stackin' all your money, it all green though I was countin' that and these all twenties, that's a G-roll  [Bridge] She say, ""You're the worst, you're the worst"" I cannot die because this my universe [Chorus] I don't really care if you cry On the real, you shoulda never lied Shoulda saw the way she looked me in my eyes She said, ""Baby, I am not afraid to die"" Push me to the edge All my friends are dead Push me to the edge All my friends are dead Push me to the edge All my friends are dead Push me to the edge800Embed"
liluzi,"102 ContributorsYou Was Right Lyrics[Intro: Lil Uzi Vert, Future & Young Thug] Hit it from the back, watch a nigga bless you (Bless you) (If Young Metro don't trust you, I'm gon' shoot you) Cryin' in my arms like a nigga wrecked you (Wrecked you) (Metro Boomin' want some more, nigga)  [Chorus] Yeah, alright, alright, alright You was right (Right), I was wrong (Right) Yeah, I should've never ever took her home (No) Yeah, I should've just boned (What?) Yeah, fantasy on my phone (Yeah) Yeah, hit it from the back, watch a nigga bless you (Ayy) Yeah, cryin' in my arms like a nigga wrecked you (Ayy) Talkin' 'bout a broken heart, runnin' to the restroom, yeah (What?) [Verse 1] Yeah, looked at my mama just like, we rich (Yeah) Looked at my bitch like, we rich Said, we ain't got no minor setbacks (No) Countin' all that money, told that nigga just to bet that I, I know that you ain't got it, boy, why you ain't just say that? (Yeah) They see I got that money, now his bitch like, ""I said that"" (Yeah) I don't pay that ho no mind, I've been had that When I, when I saw my girl, yeah, you know I had to bag that (Yeah) And before me, four niggas, yeah, they had that Five niggas includin' me, I had to back back Try to diss me, I'll take it to your family (Yeah) I'll fuck your sister, then make sure that she vanish, yeah  [Chorus] Yeah, alright, alright, alright You was right (Right), I was wrong (Right) Yeah, I should've never ever took her home (No) Yeah, I should've just boned (What?) Yeah, fantasy on my phone (Yeah) Yeah, hit it from the back, watch a nigga bless you (Ayy) Yeah, cryin' in my arms like a nigga wrecked you (Ayy) Talkin' 'bout a broken heart, runnin' to the restroom, yeah (What?) Yeah, alright, alright, alright You was right (Right), I was wrong (Right) Yeah, I should've never ever took her home (No) Yeah, I should've just boned (What?) Yeah, fantasy on my phone (Yeah) Yeah, hit it from the back, watch a nigga bless you (Ayy) Yeah, cryin' in my arms like a nigga wrecked you (Ayy) Talkin' 'bout a broken heart, runnin' to the restroom, yeah (What?) You might also like[Verse 2] Even though we in the same room (Shh) You just locked the door, so I gotta text you (Yeah, yeah) Like, bae, unlock the door, I gotta use the restroom Like, I don't want a war, I wanna caress you, yeah (Yeah)  [Chorus] Yeah, alright, alright, alright You was right (Right), I was wrong (Right) Yeah, I should've never ever took her home (No) Yeah, I should've just boned (What?) Yeah, fantasy on my phone (Yeah) Yeah, hit it from the back, watch a nigga bless you (Ayy) Yeah, cryin' in my arms like a nigga wrecked you (Ayy) Talkin' 'bout a broken heart, runnin' to the restroom, yeah80Embed"
liluzi,"136 ContributorsTranslationsРусскийMoney Longer Lyrics[Chorus] Yeah, it do not matter Turned to a savage, pocket got fatter, she call me daddy Smokin' that gas, gone off that Xanny, she on the powder Nowadays I am on, my haters got sadder Money got longer, speaker got louder, car got faster Turned to a savage, pocket got fatter, she call me daddy Smokin' that gas, gone off that Xanny, she on the powder Nowadays I am on, my haters got sadder Money got longer, speaker got louder, car got faster [Verse 1] Money so old, dollars spoiled (Spoiled) Yeah, my lil' bitch so spoiled (Spoiled) Yeah, I rub her down in oil Yeah, I got money, now you know it, yeah Diamonds on my teeth Yeah, your shit look like foil Yeah, Chris Brown said these hoes ain't loyal, yeah None of these hoes got no morals, yeah All my niggas G-ed up Yeah, my glasses be Dita Never thought it would be days I could kick my feet up (Huh) Never thought that she would need me that much if I leave her  [Chorus] It do not matter Turned to a savage, pocket got fatter, she call me daddy Smokin' that gas, gone off that Xanny, she on the powder Nowadays I am on, my haters got sadder Money got longer, speaker got louder, car got faster Turned to a savage, pocket got fatter, she call me daddy Smokin' that gas, gone off that Xanny, she on the powder Nowadays I am on, my haters got sadder Money got longer, speaker got louder, car got faster Turned to a savage, pocket got fatter, she call me daddy Smokin' that gas, gone off that Xanny, she on the powder Nowadays I am on, my haters got sadder Money got longer, speaker got louder, car got faster You might also like[Verse 2] All of this was faction No time for actin', all this money lastin' Like, go out to eat, get that blackened salmon When I'm wit' my girl, we Pharrell and Vashtie Wait, huh? That mean we are not lastin' In that pussy, you know I like it rough, then I'm just blastin' Yeah, tell that lil' bitch that I'm really from Mars Uh, yeah, bitch, do not start Yeah, pull up, my car automatic Yeah, uh, done with the start, yeah  [Chorus] It do not matter Turned to a savage, pocket got fatter, she call me daddy Smokin' that gas, gone off that Xanny, she on the powder Nowadays I am on, my haters got sadder Money got longer, speaker got louder, car got faster Turned to a savage, pocket got fatter, she call me daddy Smokin' that gas, gone off that Xanny, she on the powder Nowadays I am on, my haters got sadder Money got longer, speaker got louder, car got faster129Embed"
liluzi,"288 ContributorsNew Patek Lyrics[Intro] Hmm New Patek on my wrist White diamonds, them shits hit pink Alright, I'm ready  [Chorus] New Patek on my wrist (Yeah) White diamonds, them shits hit pink (Yeah, yeah) Got cold, had to go get a mink (Yeah) New finger rings hit like a sink (Yeah, yeah) You a bad bitch, then we can link (What?) Hit the shower, you might stink, hello (Yeah) Bitches bad, yeah, they all migrate (Uh) And she said ""Lil Uzi so great (Uh, uh) How you deal with all that hate?"" (Uh-uh) Shut up, bitch, don't give me migraine New Patek on my wrist White diamonds, them shits hit pink Got cold, had to go get a mink New finger rings hit like a sink (Water) You a bad bitch, then we can link Hit the shower, you might stink Bitches bad, yeah, they all migrate (Uh-uh) And she said ""Lil Uzi so great"" [Refrain] Okay, and your girlfriend like my drip (Drip) Happy birthday to that bitch (Bitch) Yeah, the one that sucked my dick (Dick) Triple S got that extra grip (Grip) So you know I cannot slip (Slip)  [Verse 1] That jeweler made me proud of my wrist (Wrist) Franck Muller made me proud of my wrist (Wrist) Franck Muller made me proud of my wrist (Wrist) My shooters gon' shoot, can't miss (Grrah) My shooter got a 30 on his hip (Bah) Yeah, I need my fix Was that a pair of boots from Rick? (Rick) Had to tell that lil' girl don't trip (Woah) Cool blood, but my money Crip Got clap on lights, no flick Can't take no pic, no flick (No cameras) Fuck that bitch in my new whip (Skrrt) Her ass so fat, can't fit Her ass so fat, it's amazing (Amazing) Her ass so fat, it's a miracle (Miracle) Her last man money hysterical She from the six one nine, Rey Mysterio (Let's go) Yeah, I'm the same nigga bustin' through your stereo Yeah, my boys on the block selling O's, no Cheerios I don't wake up in the mornin' for cereal Flip the brick, make the whole shit do an aerial Air the shit out and make the ho sing, Ariel (Yah) Silencers so they really cannot hear me though Killin' these beats, yeah, Lil Uzi a serial Clean up the body, prepare for the burial Burberry pants, I got Burberry tennis shoes I got the swag that probably, um, will finish you I am a octopus, I cannot breathe without water So I put diamonds on my tentacles How is you stoppin' us? They is not toppin' us You know I had to cop that shit just by the twos Blood in my chakra, I will not pop at ya Put money on my head just for your album, bruh Tell me, lil' boy, if it's beef I can chop this shit up Like it's prime and treat you like it's Optimus My chain is white gold your shit look like copper, bruh MCM, yeah, that shit made out of ostrich, bruh But I don't wear it, give that to my hoes Yeah, I swear that lil' nigga my clone Yeah, I had to do this shit all by my own Yeah, it's slime shit, lil' baby, put diamonds in my nose (Slatt) You might also like[Chorus] New Patek on my wrist (Yeah) White diamonds, them shits hit pink (Yeah, yeah) Got cold, had to go get a mink (Yeah) New finger rings hit like a sink (Yeah, yeah) You a bad bitch, then we can link (What?) Hit the shower, you might stink, hello (Yeah, yeah) Bitches bad, yeah, they all migrate (Uh) And she said ""Lil Uzi so great (Uh, uh) How you deal with all that hate?"" (Uh-uh) Shut up, bitch, don't give me migraine  [Refrain] And your girlfriend like my drip (Drip) Happy birthday to that bitch (Bitch) Yeah, the one that sucked my dick (Dick) Triple S got that extra grip (Grip) So you know I cannot slip (Slip) That jeweler made me proud of my wrist (Wrist) Franck Muller made me proud of my wrist Franck Muller made me proud of my wrist New Rollie made me proud of my wrist AP make me proud of my wrist New Richard on my wrist Got a milli' that's all in my bank (Milli') [Chorus] New Patek on my wrist White diamonds, them shits hit pink (Let's go) Got cold, had to go get a mink New finger rings hit like a sink (Let's go) You a bad bitch, then we can link (What?) Hit the shower, you might stink Bitches bad, yeah, they all migrate And she said ""Lil Uzi so great (Great) How you deal with all that hate?"" (Hate) Shut up, bitch, don't give me migraine (Uh)  [Verse 2] Throw up gang signs, Naruto (Uh) Put metal in my nose like Pain (Uh) Man, I never saw this bitch before (Uh) How the fuck she know my name? (Yeah) She said, ""Lil Uzi, hello"" I looked at her, ""Oh, hey"" (Hello) You ain't never seen pastry dough Well lil' bitch, I got cake (Yeah) Gettin' money, I'm the man Gettin' money, had to count the advance Saint Laurent on my shoes, these not Vans Need a fan case a nigga get hot 'Member she ain't want me back, I was popped On the block back before I had locks (Yeah) Red dot for a chicken, he popped MC told the bitch eat my cock Motorcycle days, bitch, Yung Joc That's what I call her, she all on my top Rap star or do he sell rock? He got files so he beatin' the trial Couple racks and them niggas run wild Super filthy, man, they livin' so foul I got some real niggas that's locked up Tryna shade the bar just for the foul All these hackers, yeah, these niggas is foul All my bitches want me to take a vow Live off verbs, and I live off of nouns He get money, then I had to say, ""How?"" New rug, and it's made out of wolf New rabbit, yeah, I use as a towel Lil' bitch, yeah, I run through the city Different spots in it just like a cow Yeah, I'm talkin' 'bout a mansion, no house Yeah, my closet, yeah, that shit got a house Four years, I ain't even see a mouse Please stop talkin', bitch, put dick in your mouth We get money, what the fuck is a drought? Make it rain 'cause I'm up in the clouds Had to tell that lil' bitch, get from around 'Cause that little bitch be fuckin' with clowns  [Verse 3] Let's go, let's go, had to tell that lil' bitch, yeah, let's go (Let's go, let's go) That lil' nigga stole my swag and he tried to steal my flow (My flow, my flow) I had to switch it up one time just like I switch my phone (My phone, my phone) I could try one more time, I can give this shit one more go (Let's go, ayy) I put hundreds in my safe (Ayy) I throw twenties in her face (Ayy) I put the M in a J (Ayy) I got a bae in the Bay (Ayy) I fucked on that nigga little bitch That's the reason he tryna say that I'm gay (Ayy) Way more coochie than Kay Slay (Ayy) I sell a mil' in a day (Ayy) All of my bitches they grade A I did not get in Canada But when I'm in Toronto they treat me like Drake This a light jet, this a flight day Had that lil' bitch, that's on MySpace I can feel this shit in my veins Look at my neck, that's an ice tray Come on tell me, what you sayin'? (What you sayin'? What you sayin'? What you sayin'?)  [Refrain] And your girlfriend like my drip (Drip) Happy birthday to that bitch (Bitch) Yeah, the one that sucked my dick (Dick) Triple S got that extra grip (Grip) (Oh yeah) Franck Muller made me proud of my wrist (Wrist) Franck Muller made me proud of my wrist (Wrist) New Rollie made me proud of my wrist (Woo, woo) AP make me proud of my wrist (Woo) New Richard on my wrist (Woo) Got a milli' that's all in my bank (Woo, woo)  [Chorus] New Patek on my wrist (Yeah) White diamonds, them shits hit pink (Yeah, yeah) Got cold, had to go get a mink (Yeah) New finger rings hit like a sink (Yeah, yeah) You a bad bitch, then we can link (What?) Hit the shower, you might stink (Yeah, yeah) Bitches bad, yeah, they all migrate (Uh) And she said ""Lil Uzi so great (Uh, uh) How you deal with all that hate?"" (Uh-uh) Shut up, bitch, don't give me migraine  [Verse 4] Throw up gang signs, Naruto (Yeah) Put metal in my nose like Pain (Uh) Man, I never saw this bitch before (Uh) How the fuck she know my name? She said, ""Lil Uzi, hello"" (Uh) I looked at her, ""Oh, hey"" You ain't never seen pastry dough (Yeah) Tell lil' bitch, I got cake (Ayy) Gettin' money, I'm the man Gettin' money, had to count the advance Saint Laurent all on my shoes, these not Vans Need a fan in case a nigga get hot 'Member she ain't want me back, I was popped On the block back before I had locks Red dot for a chicken, he popped MC, told the bitch eat my cock  [Outro] Yeah, yeah, that's it168Embed"
tylerthecreator,"210 ContributorsIFHY Lyrics[Intro: Tyler, The Creator] I never would've thought that Feelings could get thrown in the air 'Cause I accidentally caught that I need some new boxing gloves Shit got hectic whenever I fought back For example, ten minutes can't go past without you brushing my thoughts That's fourteen forty a day so I'll say a hundred and forty-four times I think about you or something like that Lost match, the fucking thought of you with somebody else I don't like that; cellular convos getting left in the wrong 'Cause I get so fucking mad when you don't write back This isn't a song, I just happen to rhyme when I get emo And find time to write facts, fuck I love you Can we add some more color, um, like, some more, yellow? Yeah, that's good [Chorus: Tyler, The Creator] I fucking hate you, but I love you I'm bad at keeping my emotions bubbled You're good at being perfect We're good at being troubled, yeah I fucking hate you, but I love you I'm bad at keeping my emotions bubbled You're good at being perfect We're good at being troubled, yeah  [Verse 1: Tyler, The Creator] Girl, you fucking with my emotions The fuck is all this noise about? I even considered picking up smoking You turned to a bitch, who let the dogs out? But in my dog house My bitch is the raddest Crazy who makes me the happiest can make me the saddest Look Alice, let's get lost in your wonder-er-land, fuck an atlas You're perfectly perfect for me What the fuck is this, practice? Actually, if you even consider leaving I'll lose a couple screws in due time, I'll stop breathin' And you'll see the meaning of stalkin' When I pop out the dark to find you And that new dude that you're seein' with an attitude Then proceed to fuck up your evenin' Make sure you never meet again like goddamn vegans 'Cause when I hear your name, I cannot stop cheesin' I love you so much that my heart stops beatin' when you're leavin' And I'm grievin' and my heart starts bleedin' Life without you has no goddamn meanin' Sorry, I'm passive-aggressive for no goddamn reason It's that my mood change like these goddamn seasons I fall for you, but I love you You might also like[Chorus: Tyler, The Creator] I'm bad at keeping my emotions bubbled You're good at being perfect We're good at being troubled Yeah  [Refrain: Tyler, The Creator & Pharrell Williams] The sky's falling girl, let's try to catch it The sky's falling girl, let's try to catch it The sky's falling girl, let's try to catch it tonight The sky's falling girl, let's try to catch it The sky's falling girl, let's try to catch it The sky's falling bitch, let's try to catch it tonight [Verse 2: Pharrell Williams & (Tyler, The Creator)] C'mon baby, even though I hate you, I still love you I love you And Salem, my love (I know) I'm passive aggressive (I'm sorry, fuck) (Come here) I like when we hold hands (You're the best around) See I get jealous (Fuck) And if I see that nigga (If I see him) I just might kill him, haha (Look) (Look, I wanna strangle you, 'til you stop breathing) Love, love, love (Spend the rest of my life, looking for air) (so you can breathe, or we can die together, you and me) (Fuck, look) I'm in love (Love) [Chorus: Tyler, The Creator] I fucking hate you, but I love you I'm bad at keeping my emotions bubbled You're good at being perfect We're good at being troubled, yeah I fucking hate you, but I love you I'm bad at keeping my emotions bubbled You're good at being perfect We're good at being troubled, yeah  [Outro: Tyler, The Creator as Wolf and Salem] ""Yo, why is Samuel such a fucking dick?"" ""He isn't such a badass actually. He's only here because he ran away, because some shit happened back home. He's actually a dweeb"" ""Yo, what happened?""252Embed"
tylerthecreator,"249 ContributorsTranslationsEspañolPortuguêsPolskiNEW MAGIC WAND Lyrics[Intro: Jerrod Carmichael] Sometimes you gotta close a door to open a window  [Verse 1: Tyler, The Creator] I saw a photo, you looked joyous My eyes are green, I eat my veggies I need to get her out the picture She's really fuckin' up my frame She's not developed like we are  [Refrain: Tyler, The Creator] Like magic, like magic, like magic, gone New magic, new magic, new magic wand (Ayy) Like magic, like magic, like magic, gone (Gone, nigga) New magic (Woo), new magic, new magic wand [Verse 2: Tyler, The Creator] My buddy said I'm on the spectrum Don't call me selfish, I hate sharin' This 60-40 isn't workin' I want a hundred of your time, you're mine  [Chorus: Tyler, The Creator & Santigold & Jessy Wilson] Please don't leave me now Please don't leave me now (Don't leave) Please don't leave me now Please don't leave me now (Don't leave) Please don't leave me now (Don't leave) (Like magic, like magic, like magic, gone) Please don't leave me now (I can make her leave) (New magic, new magic, new magic wand) Please don't leave me now (Don't leave) (Like magic, like magic, like magic, gone) Please don't leave me now (New magic, new magic, new magic wand)  [Verse 3: Tyler, The Creator & Santigold & Jessy Wilson] I wanna be found, passenger in your car (Don't leave) You wanna give me mixed signals, don't park (I can make her leave) She's gonna be dead, I just got a magic wand (Don't leave) We can finally be together You might also like[Bridge: Tyler, The Creator] You roll the dice, hit a seven, sure you right Beginner's luck? You not my first, who gives a fuck? Your other one? Evaporate, we celebrate You under oath, now pick a side and if you don't (Run, run, run, run) I'll pick you both (Run, run, run, run) It's not a joke, murder she wrote  [Verse 4: Tyler, The Creator] Ayo, take one look in the mirror, implications so clear I live life with no fear, except for the idea That one day you won't be here I will not fetch the ball Eyes are green, I eat my vegetables It has nothin' to do with that broad But if it did, guarantee she'd be gone, well I got a plan, but the walkin' depends If you can understand, I'm a hawk in the gym Eyes on the prize, got weight on my chest That I need to get off, I ain't talkin' to them Can't be in the picture if it got no frame And let the world know 'cause I ain't got no shame Blow the whole spot up, 'cause I ain't— I wanna share last names, I wanna be your number one Not the other one, keep it on the low I'm in my right mind, keep it on a high Janis Joplin spillin' feelings, now I'm out here moppin' 'em Four on the floor, pack up your bags, we hit the store Grab our supplies, no need for masks, bust through the door Get the job done like retirement, I admit you look concerned New magic wand120Embed"
tylerthecreator,"246 ContributorsTranslationsEspañolSee You Again Lyrics[Intro: Tyler, The Creator] Okay, okay, okay, okay, okay, okay, o-  [Verse 1: Tyler, The Creator] You live in my dream state Relocate my fantasy I stay in reality You live in my dream state Any time I count sheep That's the only time we make up, make up You exist behind my eyelids, my eyelids Now, I don't wanna wake up [Pre-Chorus: Tyler, The Creator, with Kali Uchis] 20/20, 20/20 vision Cupid hit me, cupid hit me with precision, eye Wonder if you look both ways when you cross my mind I said, I said I'm sick of, sick of, sick of, sick of chasing You're the one that's always running through my daydreams, I I can only see your face when I close my eyes So... [Chorus: Kali Uchis & Tyler, The Creator] Can I get a kiss? And can you make it last forever? I said, I'm 'bout to go to war (Uh-huh) And I don't know if I'ma see you again Can I get a kiss? (Can I?) And can you make it last forever? (Can you?) I said, I'm 'bout to go to war (I'm 'bout to) And I don't know if I'ma see you again Ugh, switch it up  [Verse 2: Tyler, The Creator] I said, okay, okay, okay, okey-dokey, my infatuation Is translating to another form of what you call it? (Love) Oh yeah, oh yeah, oh yeah, I ain't met you, I've been looking Stop the waiting 'fore I stop the chasing, like an alcoholic ""You don't understand me""—what the fuck do you mean? It's them rose-tinted cheeks, yeah, it's them dirt-colored eyes Sugar-honey iced tea, bumblebee on the scene Yeah, I'd give up my bakery to have a piece of your pie Ugh! You might also like[Pre-Chorus: Tyler, The Creator, with Kali Uchis] 20/20, 20/20 vision Cupid hit me, cupid hit me with precision, eye Wonder if you look both ways when you cross my mind I said, I said I'm sick of, sick of, sick of, sick of chasing You're the one that's always running through my daydreams, I I can only see your face when I close my eyes So... [Chorus: Kali Uchis] Can I get a kiss? (Can I get a kiss?) And can you make it last forever? (Make it last forever) I said I'm 'bout to go to war ('Bout to go to war) I don't know if I'ma see you again (See you again) Can I get a kiss? (Can I?) And can you make it last forever? (Can you?) I said I'm 'bout to go to war ('Bout to) And I don't know if I'ma see you again  [Outro: Tyler, The Creator & Kali Uchis] Okay, okay, okay, okay, okay, okay, okay, o— (La la, la la la la, la la) Okay, okay, okay, okay, okay, okay, okay, o— (La la, la la la, la la) Okay, okay, okay, okay, okay, okay, okay, o— (La la, la la la la, la la La la, la la la la) One more time?183Embed"
tylerthecreator,"371 ContributorsTranslationsEspañolРусскийPortuguêsPolskiHebrewFrançaisفارسیNederlandsEARFQUAKE Lyrics[Intro: Tyler, The Creator & Playboi Carti] For real, for real this time For real, for real, for real this time Bitch, I cannot fall short For real, for real, for real this time (Uh, yeah) For real, for real, for real this time  [Chorus: Tyler, The Creator] 'Cause you make my earthquake Oh, you make my earthquake Riding around, your love be shakin’ me up And it's making my heart break 'Cause you make my earthquake (Earthquake, ooh) Oh, you make my earthquake Riding around, your love be shakin’ me up And it's making my heart break [Refrain: Tyler, The Creator & Charlie Wilson] Don't leave, it's my fault Don't leave, it's my fault Don't leave, it's my fault (Girl) ’Cause when it all comes crashing down I’ll need you  [Chorus: Tyler, The Creator & Charlie Wilson] 'Cause you make my earthquake Oh, you make my earthquake Riding around, you’re telling me something is bad And it's making my heart break 'Cause you make my earthquake, oh, you make my earthquake (Earthquake, yeah) Riding around, your love be shakin' me up And it’s making my heart break (You already know) [Verse 1: Playboi Carti] We ain't gotta ball, D. Rose, huh I don't give a fuck 'bout none', huh Breathin' like fuck my lungs, huh Just might call my lawyer, huh Plug gon' set me up, huh (Yeah) Bih', don't set me up (Okay) I'm with Tyler, yuh (Slime) He ride like the car, huh And she wicked, huh, yuh Like Woah Vicky, huh, yeah (Like Woah Vicky) Oh, my God, hold up, um These diamonds not Tiffany, huh, yeah (Woah, woah) So in love (I been so in love) So in love (I been so in love) You might also like[Refrain: Tyler, The Creator & Charlie Wilson] Don't leave, it's my fault (Fault) Don't leave, it's my fault Don't leave, it's my fault (Igor, ayy) 'Cause when it all comes crashing down I'll need you (Ayy, ayy)  [Verse 2: Tyler, The Creator & Charlie Wilson] 'Cause you make my earthquake I don't want no confrontation, no And you don't want my conversation (I don't want no conversation) I just need some confirmation on how you feel, for real (For real) You don't want no complication, no I don't want no side information (I don't want no side information) I just need to know what's happening 'Cause I'm for real (For real)  [Outro: Tyler, The Creator] I said don't leave, it's my fault (One) I said don't leave, it's my fault (Two, two) Don't leave, it's, it's my fault, girl (Three, three, three) Don't, do-do-do-do-do, I'll need—298Embed"
tylerthecreator,"390 ContributorsTranslationsPortuguêsYonkers Lyrics[Intro] Uh, Wolf Haley, Golf Wang, go  [Verse 1] I'm a fuckin' walkin' paradox, no, I'm not Threesomes with a fuckin' triceratops, Reptar Rappin' as I'm mockin' deaf rock stars Wearin' synthetic wigs made of Anwar's dreadlocks Bedrock, harder than a motherfuckin' Flintstone Making crack rocks outta pussy nigga fishbones (Haha) This nigga Jasper tryin' to get grown About five, seven of his bitches in my bedroom (Hey) Swallow the cinnamon, I'ma scribble this sin and shit While Syd is tellin' me that she's been getting intimate with men (Syd, shut the fuck up) Here's the number to my therapist (Shit) You tell him all your problems, he's fuckin' awesome with listenin' (Haha) [Chorus] Uh, Wolf Haley, uh, Golf Wang Uh, Wolf Haley, Golf fuckin' Wang [Verse 2] Jesus called, he said he's sick of the disses I told him to quit bitchin', this isn't a fuckin' hotline For a fuckin' shrink, sheesh, I already got mine And he's not fuckin' workin', I think I'm wastin' my damn time I'm clockin' three past six and goin' postal This the revenge of the dicks, that's nine cocks that cock 9's This ain't no V. Tech shit, or Columbine But after bowling, I went home for some damn Adventure Time (What'd you do?) I slipped myself some pink Xannies (Yeah) And danced around the house in all-over print panties My mom's gone, that fuckin' broad will never understand me I'm not gay, I just wanna boogie to some Marvin (What you think of Hayley Williams?) Fuck her, Wolf Haley robbin' them I'll crash that fuckin' airplane that that faggot nigga B.o.B is in And stab Bruno Mars in his goddamn esophagus And won't stop until the cops come in I'm an overachiever, so how about I start a team of leaders And pick up Stevie Wonder to be the wide receiver? (Cool) Green paper, gold teeth, and pregnant golden retrievers All I want, fuck money, diamonds, and bitches, don't need 'em But where the fat ones at? I got somethin' to feed 'em It's some cooking books, the black kids never wanted to read 'em Snap back, green ch-ch-chia fuckin' leaves It's been a couple months And Tina still ain't perm her fuckin' weave Damn You might also like[Chorus] Uh, Wolf Haley, uh, Golf Wang Uh, Wolf Haley, Golf Wang, yeah Goddamn goblin Wolf Haley, uh, Golf Wang Uh, Wolf Haley, Golf Wang, yeah [Verse 3] They say success is the best revenge So I beat DeShay up with the stack of magazines I'm in Oh, not again, another critic writing report I'm stabbin' any bloggin' faggot hipster with a pitchfork Still suicidal, I am I'm Wolf, Tyler put this fuckin' knife in my hand I'm Wolf, Ace gon' put that fuckin' hole in my head And I'm Wolf, that was me who shoved a cock in your bitch (What the fuck, man?) Fuck the fame and all the hype, G I just wanna know if my father would ever like me But I don't give a fuck, so he's probably just like me A motherfuckin' goblin (Fuck everything, man) That's what my conscience said Then it bunny-hopped off my shoulder, now my conscience dead Now the only guidance that I had is splattered on cement Actions speak louder than words, let me try this shit Dead431Embed"
kanye,"320 ContributorsTranslationsEspañolPortuguêsEnglishItalianoFrançaisSvenskaTürkçeFather Stretch My Hands, Pt. 1 Lyrics[Intro: Pastor T.L. Barrett / Choir & Future] You're the only power (Power) You're the only power that can You're the only power (Power) You're the only power that can Oh, oh, oh, father (If young Metro don't trust you, I'm gon' shoot you)  [Pre-Chorus: Kid Cudi & Pastor T.L. Barrett / Choir] Beautiful mornin', you're the sun in my mornin', babe Who can I turn to? Nothin' unwanted After all, who can I turn to? Beautiful mornin', you're the sun in my mornin', babe If I don't turn to you Nothin' unwanted No other help I know, I stretch my hands  [Chorus: Kanye West & Pastor T.L. Barrett / Choir] I just wanna feel liberated, I-I, na-na-na Who can I turn to? I just wanna feel liberated, I-I, na-na-na After all, who can I turn to? If I ever instigated, I am sorry If I don't turn to you Tell me who in here could relate, I-I-I No other help I know, I stretch my hands You might also like[Verse: Kanye West, with Kelly Price] Now, if I fuck this model And she just bleached her asshole And I get bleach on my T-shirt I'ma feel like an asshole I was high when I met her We was down in Tribeca She'll get under your skin if you let her She'll get under your skin if you— (Uh) I don't even wanna talk about it I don't even wanna talk about it I don't even wanna say nothin' Everybody gon' say somethin' I'd be worried if they said nothin' Remind me where I know you from She lookin' like she owe you somethin' You know just what we want I wanna wake up with you in my—  [Pre-Chorus: Kid Cudi, Pastor T.L. Barrett / Choir & Kelly Price] Beautiful mornin', you're the sun in my mornin', babe Who can I turn to? Beautiful mornin' Nothin' unwanted After all, who can I turn to? Beautiful mornin', you're the sun in my mornin', babe If I don't turn to you Nothin' unwanted No other help I know [Chorus: Kanye West & Pastor T.L. Barrett / Choir] I just wanna feel liberated, I-I, na-na-na Who can I turn to? I just wanna feel liberated, I-I, na-na-na After all, who can I turn to? If I ever instigated, I am sorry If I don't turn to you Tell me who in here could relate, I-I-I No other help I know, I stretch my hands289Embed"
kanye,"483 ContributorsTranslationsPortuguêsItalianoEnglishEspañolMercy Lyrics[Intro: Fuzzy Jones] Well, it is a weepin' and a moanin' and a gnashin' of teeth It is a weepin' and a moanin' and a gnashin' of teeth It is a—when it comes to my sound which is the champion sound Believe, believe [Chorus: YB, Big Sean & Fuzzy Jones] O-o-o-o-o-okay, Lamborghini Mercy Your chick, she so thirsty I-I-I-I-I'm in that two-seat Lambo With your girl, she tryna jerk me (Believe) O-o-o-o-o-okay, Lamborghini Mercy Your chick, she so thirsty I-I-I-I-I'm in that two-seat Lambo With your girl, she tryna jerk me O-o-o-o-o-okay, Lamborghini Mercy (Swerve) Your chick, she so thirsty (Swerve) I-I-I-I-I'm in that two-seat Lambo With your girl, she tryna jerk me (Woah, believe) O-o-o-o-o-okay, Lamborghini Mercy Your chick, she so thirsty (Boy) I-I-I-I-I'm in that two-seat Lambo (Boy) With your girl, she tryna jerk me  [Verse 1: Big Sean & Kanye West] Okay, drop it to the floor, make that ass shake (Shake, shake) Woah, make the ground move: that's an ass quake Built a house up on that ass: that's an ass-state Roll–roll–roll my weed on it: that's an ass tray Say, Ye, say, Ye, don't we do this every day–day? (Huh?) I work them long nights, long nights to get a payday (Huh?) Finally got paid, now I need shade and a vacay And niggas still hatin' So much hate, I need a AK (AK) Now we out in Paris, yeah, I'm Perrierin' White girls politickin': that's that Sarah Palin Get–get–get–get–get–gettin' hot, Californicatin' I give her that D, 'cause that's where I was born and raised in You might also like[Chorus: YB, Big Sean & Fuzzy Jones] O-o-o-o-o-okay, Lamborghini Mercy (Swerve) Your chick, she so thirsty (Swerve) I-I-I-I-I'm in that two-seat Lambo (Swerve) With your girl, she tryna jerk me (Swerve, believe) O-o-o-o-o-okay, Lamborghini Mercy (Swerve) Your chick, she so thirsty (Swerve) I-I-I-I-I'm in that two-seat Lambo (Swerve) With your girl, she tryna jerk me (Swerve) [Post-Chorus: Fuzzy Jones & Big Sean] Well, it is a weepin' and a moanin' (Swerve) And a gnashin' of teeth (Swerve) It is a weepin' and a mournin' (Swerve) And a gnashin' of teeth (Swerve) It is a—when it comes to my sound (Swerve) Which is the champion sound (Swerve) Believe, believe (Swerve) Believe, believe (Swerve) [Verse 2: Pusha T] Yuugh! It's prime time, my top back, this pimp game, ho I'm red leather, this cocaine, I'm Rick James, ho I'm bill-droppin', Ms. Pac-Man, this pill-poppin' ass ho I'm poppin' too, these blue dolphins need two coffins All she want is some heel money All she need is some bill money He take his time, he counts it out I weighs it up, that's real money Check the neck, check the wrist Them heads turnin': that's exorcist My Audemars like Mardi Gras That's Swiss time, and that's excellence Two-door preference Roof gone, George Jefferson That white frost on that pound cake So your Duncan Hines is irrelevant, woo Lambo Murciélago She go wherever I go Wherever we go, we do it pronto, it's like— [Chorus: YB, Big Sean & Fuzzy Jones] O-o-o-o-o-okay, Lamborghini Mercy (Swerve) Your chick, she so thirsty (Swerve) I-I-I-I-I'm in that two-seat Lambo (Swerve) With your girl, she tryna jerk me (Swerve, believe) O-o-o-o-o-okay, Lamborghini Mercy (Swerve) Your chick, she so thirsty (Swerve) I-I-I-I-I'm in that two-seat Lambo (Swerve) With your girl, she tryna jerk me (Swerve) [Post-Chorus: Fuzzy Jones & Big Sean] Well, it is a weepin' and a moanin' (Swerve) And a gnashin' of teeth (Swerve) It is a weepin' and a mournin' (Swerve) And a gnashin' of teeth (Swerve) It is a—when it comes to my sound (Swerve) Which is the champion sound (Swerve) Believe, believe (Swerve) Believe (Swerve)  [Bridge: Fuzzy Jones] Well, it is a weepin' and a moanin' And a gnashin' of teeth in the dancehall And who no have teeth gwan rub pon dem gums Cuh when time it comes to my sound Which is the champion sound The bugle has blown fi many times And it still have one more time left Cuh the amount of stripe weh deh pon our shoulder [Verse 3: Kanye West & 2 Chainz] Let the suicide doors up I threw suicides on the tour bus I threw suicides on the private jet You know what that mean, I'm fly to death I step in Def Jam buildin' like I'm the shit Tell 'em gimme fifty million or I'ma quit Most rappers' taste level ain't at my waist level Turn up the bass 'til it's up-in-yo-face level Don't do no press but I get the most press, kid Plus, yo, my bitch make your bitch look like Precious Somethin' 'bout Mary, she gone off that molly Now the whole party is melting like Dalí Now everybody is movin' they body Don't sell me apartment, I'll move in the lobby (Yah) Niggas is loiterin' just to feel important You gon' see lawyers and niggas in Jordans (2 Chainz) [Verse 4: 2 Chainz & Big Sean] Okay, now catch up to my campaign Coupe the color of mayonnaise I'm drunk and high at the same time Drinkin' champagne on the airplane (Tell 'em) Spit rounds like a gun range (Baow) Beat it up like Rampage Hundred bands, cut your girl Now your girl need a Band-Aid (Damn) Grade A, A1 Chain the color of Akon Black diamonds, backpack rhymin' Co-signed by Louis Vuitton (Yep) Horsepower, horsepower All this Polo on, I got horsepower Pound of this cost four thousand Now I make it rain, she want more showers Rain (Rain) pourin' (Pourin') All my cars is foreign (Foreign) All my broads is foreign (Foreign) Money tall like Jordan [Chorus: YB, Big Sean & Fuzzy Jones] O-o-o-o-o-okay, Lamborghini Mercy (Swerve) Your chick, she so thirsty (Swerve) I-I-I-I-I'm in that two-seat Lambo (Swerve) With your girl, she tryna jerk me (Swerve) O-o-o-o-o-okay, Lamborghini Mercy (Swerve) Your chick, she so thirsty (Swerve) I-I-I-I-I'm in that two-seat Lambo (Swerve, believe) With your girl, she tryna jerk me (Swerve, believe) [Post-Chorus: Fuzzy Jones & Big Sean] Well, it is a weepin' and a moanin' (Swerve) And a gnashin' of teeth (Swerve) It is a weepin' and a moanin' (Swerve) And a gnashin' of teeth (Swerve) It is a—when it comes to my sound (Swerve) Which is the champion sound (Swerve) Believe, believe (Swerve) Believe, believe (Swerve) Well, it is a weepin' and a moanin' and a gnashin' of teeth It is a weepin' and a moanin' and a gnashin' of teeth It is a—when it comes to my sound which is the champion sound Believe, believe, believe, believe371Embed"
kanye,"373 ContributorsTranslationsEspañolРусскийEnglishKanye West - Bound 2 (Traduzione Italiana)Françaisहिन्दीBound 2 Lyrics[Intro: Ponderosa Twins Plus One & Brenda Lee] B-B-B-B-Bound to fall in love Bound to fall in love Uh-huh, honey  [Refrain: Kanye West] All them other niggas lame, and you know it now When a real nigga hold you down, you s'posed to drown [Chorus: Ponderosa Twins Plus One, Brenda Lee & Kanye West] Bound to fall in love (Bound) B-B-B-B-Bound to fall in love (Bound) Uh-huh, honey  [Verse 1: Kanye West] What you doin' in the club on a Thursday? She say she only here for her girl birthday They ordered champagne but still look thirsty Rock Forever 21, but just turned thirty I know I got a bad reputation Walk-around-always-mad reputation Leave-a-pretty-girl-sad reputation Start a Fight Club, Brad reputation I turnt the nightclub out of the basement I'll turn the plane around, your ass keep complainin' How you gon' be mad on vacation? Dutty wining 'round all these Jamaicans Uh, this that prom shit This that what-we-do-don't-tell-your-mom shit This that red-cup-all-on-the-lawn shit Got a fresh cut, straight out the salon, bitch You might also like[Pre-Chorus: Charlie Wilson & Brenda Lee] I know you're tired of lovin', of lovin' With nobody to love, nobody, no— (Uh-huh, honey) [Chorus: Kanye West, Ponderosa Twins Plus One & Brenda Lee] Close your eyes and let the word paint a thousand pictures One good girl is worth a thousand bitches Bound (Bound to fall in love) Bound (Bound to fall in love) Uh-huh, honey  [Verse 2: Kanye West] I wanna fuck you hard on the sink After that, give you somethin' to drink Step back, can't get spunk on the mink I mean damn, what would Jeromey Romey Romey Rome think? Hey, you remember where we first met? Okay, I don't remember where we first met But hey, admittin' is the first step And hey, you know ain't nobody perfect And I know, with the hoes I got the worst rep But hey, their backstroke I'm tryna perfect And hey, ayo, we made it: Thanksgivin' So hey, maybe we can make it to Christmas She asked me what I wished for on my wishlist Have you ever asked your bitch for other bitches? Maybe we could still make it to the church steps But first, you gon' remember how to forget After all these long-ass verses I'm tired, you tired, Jesus wept [Pre-Chorus: Charlie Wilson & Brenda Lee] I know you're tired of lovin', of lovin' With nobody to love, nobody, nobody So just grab somebody, no leavin' this party With nobody to love, nobody, nobody Uh-huh, honey  [Chorus: Kanye West, Ponderosa Twins Plus One, & Brenda Lee] Jerome's in the house, watch your mouth Jerome's in the house, watch your mouth Bound to fall in love Bound Bound to fall in love Bound Uh-huh, honey [Produced by Kanye West and Che Pope with additional production from Eric Danchild, Noah Goldstein, No ID and Mike Dean] [Video directed by Nick Knight]426Embed"
kanye,"502 ContributorsTranslationsPortuguêsEnglishSvenskaDanskMonster Lyrics[Intro: Justin Vernon] I shoot the lights out Hide 'til it's bright out Oh, just another lonely night Are you willing to sacrifice your life?  [Verse 1: Rick Ross] Bitch, I'm a monster, no-good bloodsucker Fat motherfucker, now look who's in trouble As you run through my jungles, all you hear is rumbles Kanye West samples, here's one for example  [Chorus: Kanye West] Gossip, gossip, nigga, just stop it Everybody know I'm a motherfuckin' monster I'ma need to see your fuckin' hands at the concert I'ma need to see your fuckin' hands at the concert Profit, profit, nigga, I got it Everybody know I'm a motherfuckin' monster I'ma need to see your fuckin' hands at the concert I'ma need to see your fuckin' hands [Verse 2: Kanye West] Uh, the best living or dead hands down, huh Less talk, more head right now, huh And my eyes more red than the devil is And I'm 'bout to take it to another level, bitch Matter who you go and get, ain't nobody cold as this Do the rap and the track, triple-double, no assists And my only focus is stayin' on some bogus shit Arguin' with my older bitch, actin' like I owe her shit I heard the beat, the same raps that gave the track pain Bought the chain that always give me back pain Fucking up my money so, yeah, I had to act sane Chi nigga, but these hoes love my accent Chick came up to me and said, ""This the number to dial If you wanna make your number one your number two now"" Mix that Goose and Malibu, I call it ""Malibooyah"" Goddamn, Yeezy always hit 'em with a new style Know that motherfucker, well, what you gon' do now? Whatever I wanna do, gosh, it's cool now Know I'm gonna do, ah, it's the new now Think you motherfuckers really really need to cool out 'Cause you'll never get on top of this So, mami, best advice is just to get on top of this Have you ever had sex with a pharaoh? Ah, put the pussy in a sarcophagus Now she claiming that I bruised her esophagus Head of the class and she just won a swallowship I'm livin' in the future so the present is my past My presence is a present, kiss my ass You might also like[Chorus: Kanye West & Jay Z] Gossip, gossip, nigga, just stop it Everybody know I'm a motherfuckin' monster I'ma need to see your fuckin' hands at the concert I'ma need to see your fuckin' hands at the concert (Yeah) Profit, profit, nigga, I got it Everybody know I'm a motherfuckin' monster I'ma need to see your fuckin' hands at the concert I'ma need to see your fuckin' hands  [Verse 3: Jay Z] Sasquatch, Godzilla, King Kong, Loch Ness Goblin, ghoul, a zombie with no conscience Question, what do these things all have in common? Everybody knows I'm a motherfuckin' monster Conquer, stomp ya, stop your silly nonsense Nonsense, none of you niggas know where the swamp is None of you niggas have seen the carnage that I've seen I still hear fiends scream in my dreams Murder, murder in black convertibles, I Kill a block, I murder the avenues, I Rape and pillage your village, women and children Everybody want to know what my Achilles heel is Love, I don't get enough of it All I get is these vampires and bloodsuckers All I see is these niggas I made millionaires Millin' about, spillin' they feelings in the air All I see is these fake fucks with no fangs Tryna draw blood from my ice-cold veins I smell a massacre Seems to be the only way to back you bastards up [Chorus: Kanye West] Gossip, gossip, nigga, just stop it Everybody know I'm a motherfuckin' monster I'ma need to see your fuckin' hands at the concert I'ma need to see your fuckin' hands at the concert Profit, profit, nigga, I got it Everybody know I'm a motherfuckin' monster I'ma need to see your fuckin' hands at the concert I'ma need to see your fuckin' hands [Verse 4: Nicki Minaj] Pull up in the monster, automobile gangsta With a bad bitch that came from Sri Lanka Yeah, I'm in that Tonka, color of Willy Wonka You could be the king, but watch the queen conquer Okay, first things first, I'll eat your brains Then I'ma start rocking gold teeth and fangs 'Cause that's what a motherfuckin' monster do Hair dresser from Milan, that's the monster 'do Monster Giuseppe heel, that's the monster shoe Young Money is the roster and a monster crew And I'm all up, all up, all up in the bank with the funny face And if I'm fake, I ain't notice 'cause my money ain't So let me get this straight, wait, I'm the rookie? But my features and my shows ten times your pay? 50K for a verse, no album out Yeah, my money's so tall that my Barbies got to climb it Hotter than a Middle Eastern climate, violent Tony Matterhorn, dutty wine it, wine it Nicki on them titties when I sign it That's how these niggas so one-track-minded But really, really I don't give an F-U-C-K ""Forget Barbie, fuck Nicki, sh-she's fake"" ""She on a diet,"" but my pockets eatin' cheesecake And I'll say, bride of Chucky, it's child's play Just killed another career, it's a mild day Besides, Ye, they can't stand besides me I think me, you, and Am' should ménage Friday Pink wig, thick ass, give 'em whiplash I think big, get cash, make 'em blink fast Now look at what you just saw, this is what you live for Ah, I'm a motherfuckin' monster [Outro: Justin Vernon & Charlie Wilson] I, I crossed the limelight And I'll, I'll let God decide And I, I wouldn't last these shows So I, I am headed home (Headed home) I, I crossed the limelight And I'll, I'll let God decide, 'cide (No) And I, I wouldn't last these shows So I, I am headed home (Head home) I, I crossed the limelight (No, the limelight) And I'll, I'll let God decide, 'cide And I, I wouldn't last these shows So I, I am headed home [Produced by Kanye West, Mike Dean & Plain Pat] [Video directed by Jake Nava]413Embed"
kanye,"448 ContributorsTranslationsTürkçeEnglishEnglishItalianoFrançaisEspañolSvenskaUltralight Beam Lyrics[Intro: Samoria Green & Natalie Green] (Yes, God) We don't want no devils in the house, God (Yes, Lord) We want the lord (Yes, Jesus) And that's it (Yes, God) Hallej— hand over Satan (Yes, Jesus) Jesus praise the Lord (Yes, God) Hallelujah, God (Yes, God) We don't want no devils in the house, God (Yes, Lord) We want the lord (Yes, Jesus) And that's it (Yes, God) Hallej— hand over Satan (Yes, Jesus) Jesus praise the Lord (Yes, God) [Chorus: Kanye West & The-Dream] I'm tryna keep my faith We on an ultralight beam We on an ultralight beam This is a God dream This is a God dream This is everything This is everything  [Verse 1: Kanye West] Deliver us serenity Deliver us peace Deliver us loving We know we need it You know we need it You know we need it That's why we need You now, oh Pray for Paris Pray for the parents This is a God dream This is a God dream This is a God dream You might also like[Chorus: Kanye West & Choir, Kanye West] We on an ultralight beam We on an ultralight beam This is a God dream This is a God dream This is everything Everything (Thing, thing, thing)  [Post-Chorus: The-Dream with Choir] I'm tryna keep my faith But I'm looking for more Somewhere I can feel safe And end my holy war I'm tryna keep my faith [Verse 2: Kelly Price & Choir] So why send oppression, not blessings? Why, oh, why'd You do me wrong? (More) You persecute the weak Because it makes You feel so strong (Safe) Don't have much strength to fight So I look to the light (War) To make these wrongs turn right Head up high, I look to the light Hey, 'cause I know that You'll make everything alright And I know that You'll take good care of Your child Oh, no longer am afraid of the night 'Cause I, I look to the light [Bridge: Chance the Rapper] When they come for You, I will shield Your name I will field their questions, I will feel Your pain No one can judge They don't, they don't know They don't know  [Verse 3: Chance the Rapper] Foot on the Devil's neck 'til it drifted Pangaea I'm moving all my family from Chatham to Zambia Treat the demons just like Pam I mean, I fuck with your friends, but damn, Gina I been this way since Arthur was anteater Now they wanna hit me with the woo wap, the bam Tryna snap photos of familia My daughter look just like Sia, you can't see her You can feel the lyrics, the spirit coming in braille Tubman of the underground, come and follow the trail I made “Sunday Candy,” I'm never going to hell I met Kanye West, I'm never going to fail He said, ""Let's do a good ass job with 'Chance 3'"" I hear you gotta sell it to snatch the Grammy Let's make it so free and the bars so hard That there ain't one gosh darn part you can't tweet This is my part, nobody else speak This is my part, nobody else speak This little light of mine Glory be to God, yeah I'ma make sure that they go where they can't go If they don't wanna ride, I'ma still give 'em raincoats Know what God said when He made the first rainbow Just throw this at the end if I'm too late for the intro Ugh, I'm just having fun with it You know that a nigga was lost I laugh in my head 'Cause I bet that my ex looking back like a pillar of salt Ugh, 'cause they'll flip the script on your ass like Wesley and Spike You cannot mess with the light Look at lil' Chano from 79th [Chorus: Kanye West & Choir, Kanye West] We on an ultralight beam We on an ultralight beam This is a God dream This is a God dream This is everything Everything  [Post-Chorus: The-Dream, The-Dream & Choir, Natalie Greene] (Yes, God) (Hallelujah) I'm tryna keep my faith (Yes, Jesus) But I'm looking for more Somewhere I can feel safe And end my holy war [Outro: Kirk Franklin & Choir] Father, this prayer is for everyone that feels they're not good enough This prayer's for everybody that feel that they're too messed up For everyone that feels they've said ""I'm sorry"" too many times You can never go too far when you can't come back home again That's why I need... Faith, more, safe, war365Embed"
lilbaby,"189 ContributorsTranslationsTürkçeEnglishThe Bigger Picture Lyrics[Intro] Protests and growing national outcry continues over the death of George Floyd (Section 8 just straight cooked this motherfucker up) Last night, people protesting in Minneapolis escalated As demonstrators were lashed by tear gas and rubber bullets The main message here, the main message here, the main message here Is that they want to see those officers involved They want to see those officers arrested Officers arrested (I can't breathe, I can't breathe)  [Verse 1] Trade my 4x4 for a G63, ain't no more free Lil Steve I gave 'em chance and chance and chance again, I even done told them please I find it crazy the police'll shoot you and know that you dead, but still tell you to freeze Fucked up, I seen what I seen I guess that mean hold him down if he say he can't breathe It's too many mothers that's grieving They killing us for no reason Been going on for too long to get even Throw us in cages like dogs and hyenas I went to court and they sent me to prison My mama was crushed when they said I can't leave First I was drunk, then I sobered up quick When I heard all that time that they gave to Taleeb He got a life sentence plus We just some products of our environment How the fuck they gon' blame us? You can't fight fire with fire I know, but at least we can turn up the flames some Every colored person ain't dumb and all whites not racist I be judging by the mind and heart, I ain't really into faces Fucked up, the way that we livin' is not getting better, you gotta know how to survive Crazy, I had to tell all of my loved ones to carry a gun when they going outside Stare in the mirror whenever you drive Overprotective, go crazy for mine You gotta pay attention to the signs Seem like the blind following the blind Thinking 'bout everything that's going on I boost security up at my home I'm with my kind if they right or they wrong I call him now, he'll pick up the phone And it's five in the morning, he waking up on it Tell 'em wherever I'm at, then they comin' I see blue lights, I get scared and start runnin' That shit be crazy, they 'posed to protect us Throw us in handcuffs and arrest us While they go home at night, that shit messed up Knowing we needed help, they neglect us Wondering who gon' make them respect us I can see in your eye that you fed up Fuck around, got my shot, I won't let up They know that we a problem together They know that we can storm any weather [Chorus] It's bigger than black and white It's a problem with the whole way of life It can't change overnight But we gotta start somewhere Might as well gon' 'head start here We done had a hell of a year I'ma make it count while I'm here God is the only man I fear  [Verse 2] Fuck it, I'm goin' on the front line He gon' bust your ass if you come past that gun line You know when the storm go away, then the sun shine You gotta put your head in the game when it's crunch time I want all my sons to grow up to be monsters I want all my daughters to show out in public Seems like we losing our country But we gotta stand up for something, so this what it comes to Every video I see on my conscience I got power, now I gotta say somethin' Corrupted police been the problem where I'm from But I'd be lying if I said it was all of them I ain't do this for the trend, I don't follow them Altercations with the law, had a lot of them People speaking for the people, I'm proud of them Stick together, we can get it up out of them I can't lie like I don't rap about killing and dope, but I'm telling my youngins to vote I did what I did 'cause I didn't have no choice or no hope, I was forced to just jump in and go This bullshit is all that we know, but it's time for a change Got time to be serious, no time for no games We ain't takin' no more, let us go from them chains God bless they souls, every one of them names You might also like[Chorus] It's bigger than black and white It's a problem with the whole way of life It can't change overnight But we gotta start somewhere Might as well gon' 'head start here We done had a hell of a year I'ma make it count while I'm here God is the only man I fear  [Verse 3] They trainin' officers to kill us, then shootin' protestors with these rubber bullets They regular people, I know that they feel it These scars too deep to heal us What happened to COVID? Nobody remember It ain't makin' sense, I'm just here to vent It happen to one of your people, it's different We get it, the system is wicked, just learn how to pick it Knowledge is power, I swear I'm a witness, I know that I'm gifted I won't go too deep 'cause I'm scared they'll get me Ain't scared to admit it, some shit I can't mention It's people who can, well, here's the chance I won't take the stand, but I'll take a stand for what I believe Must not be breathing the air that I breathe You know that the way that I bleed, you can bleed I never been a fan of police But my neighborhood know I try to keep peace So it's only right that I get in the streets March for a reason, not just on GP Our people died for us to be free Fuck do you mean? This was a dream Now we got the power that we need to have They don't want us with it and that's why they mad, yeah [Chorus] It's bigger than black and white It's a problem with the whole way of life It can't change overnight But we gotta start somewhere Might as well gon' 'head start here We done had a hell of a year I'ma make it count while I'm here God is the only man I fear It's bigger than black and white It's a problem with the whole way of life It can't change overnight But we gotta start somewhere Might as well gon' 'head start here We done had a hell of a year I'ma make it count while I'm here God is the only man I fear118Embed"
lilbaby,"122 ContributorsTranslationsTürkçeFreestyle Lyrics[Intro] DaVinci (DaVinci, DaVinci) Yeah Shoutout the whole Oakland City, man You know what I'm saying? The whole 4PF Know what I'm saying? I put this up Yeah  [Verse] Shoutout my label, that's me I'm in this bitch with TB I'm in this bitch with 4 Trey I just poured up me an eight Real nigga all in my face Five hundred racks in my safe Five hundred racks to the plug What you know 'bout showin' love? What you know 'bout pullin' up in Bentley trucks? Make these bitches fall in love All of my niggas on go None of my niggas no ho All of my niggas want smoke All of my niggas together We came from the bottom, we used to wear each other's clothes None of my niggas gon' fold Couple pussy niggas told They ain’t my niggas no more Hold it down for the four In the nine with the woes Marlo my dawg, that's for sure We won't fall out about shit 'Specially not 'bout no bitch We ain't gon' fall out 'bout hoes Me and Ced get them loads We let 'em go for the low I got my hood in control I got my left wrist on froze I got my right wrist on froze I got my necklace on froze Both of my ears on froze I been gettin' faded, I'm sippin' on maple If she won't fuck, I won't make her I don't like bitches with makeup If she want titties, I pay for 'em Get outta that when I wake up I pass the ball, I don't layup I'm a big boss, I got say so They'll wipe you down if I say so Dracos on Dracos on Dracos on Dracos .40s on .40s on .40s I just bought me some new water Wetter than Katrina, shoutout New Orleans I made a promise my niggas gon' ball Hard in the paint, change my name to John Wall Geekin' off trees like a leaf in the fall Find a new plug then we takin' em all Pull up in a brand new Benz truck Hop out fresher than a menthol Lil' nigga, but I'm big, dawg All I gotta make is one call Get a nigga block, took off Cross a nigga up, Hot Sauce Ooh, I got 'em mad, my fault Talkin' 'bout the shit that I bought Poppin' these Percs, I done turned to a savage Hundred racks stuffed in the mattress Hundred racks stuffed in the attic Hundred racks stuffed in the sofa These niggas play gangster, but they won't approach me I know they never approach me They know that they'll catch a bullet I rock the gang to the fullest I run with some real ones, don't hang with no pussies I ain't no killer, don't push me I see how you niggas be lurkin' I hope you don't think you no bully I'm livin' the life, I should star in a movie Ridin' in a Vert with an Uzi 12 get behind me, I lose 'em They tryna guess what I'm doin' They tryna guess who I'm screwin' That ain't even they business They ain't wanna fuck with me Now they see a nigga drippin' Now they wanna fuck with me They can't get in touch with me Hardly ever in the city They just know I'm gettin' bigger They just know a nigga busy I been runnin' up them digits [Outro] YeahYou might also like54Embed"
lilbaby,"88 ContributorsTranslationsРусскийPortuguêsClose Friends Lyrics[Intro] Oh, this the one right here, Wicked? Okay Yeah, yeah Run that back, Turbo  [Chorus] We started off as close friends (Close friends) Somehow you turned into my girlfriend (My girlfriend) We used to tell each other everything (Everything) I even went and bought her diamond rings, matching earrings Everything was so cool (So cool) Lately baby been actin' so rude (Been so rude) I don't know what somebody told you (What they told you) But I ain't gon' lie, I miss the old you [Verse 1] I know you remember how I would hold you Still remember how I approached you I think I loved you 'fore I knew you Know we be fuckin' 'fore I screwed you Made a promise I won't use you Play my cards right, I won't lose you Got 'em tuned in like I'm YouTube Got somethin' on me like it's voodoo I'll go nuts for you, go cuckoo, lose my cool and all And I know that shit was wrong, I shouldn't've did what I did  [Verse 2] Just wipe your eyes and stop this cryin' I told the truth, that I'd been lyin' I gave you racks, I tried to buy in I even did the unthinkable, and I'm sorry for what I did to you Take me back, if I was you and I did what I did I probably would, I probably wouldn't Take you back, if I was you and I did what I did I probably would, I probably wouldn't Just wipe your eyes and stop this cryin' I told the truth, that I'd been lyin' I gave you racks, I tried to buy in I even did the unthinkable, and I'm sorry for what I did to you You might also like[Chorus] We started off as close friends (Close friends) Somehow you turned into my girlfriend (My girlfriend) We used to tell each other everything (Everything) I even went and bought her diamond rings, matching earrings Everything was so cool (So cool) Lately baby been actin' so rude (Been so rude) I don't know what somebody told you (What they told you) But I ain't gon' lie, I miss the old you  [Verse 3] Keep our business to ourselves The internet ain't doin' no help I know I shouldn't've never left But everything I did for us And us, I'm speakin' on my kids Thinkin' 'bout this shit I did Like how the hell I get myself involved in this bullshit? Married to the game, I can't make you my fiancée Bad young boss bitch, treat her like Beyoncé But damn what them broads say, I fucked them all the first day And that's why you trippin' anyway, like when I fuck 'em I don't pay Even if we never speak again I'll make sure you're ridin' in the latest Benz Keep your business all apart if you can stay out of mine Bought a brand new Audemars, but I done ran out of time [Chorus] We started off as close friends (Close friends) Somehow you turned into my girlfriend (My girlfriend) We used to tell each other everything (Everything) I even went and bought her diamond rings, matching earrings Everything was so cool (So cool) Lately baby been actin' so rude (Been so rude) I don't know what somebody told you (What they told you) But I ain't gon' lie, I miss the old you92Embed"
lilbaby,"70 ContributorsOn Me Lyrics[Intro] (What's happenin', Chi Chi?)  [Verse 1] Fill the bando up with bags, give the lil' bro them a job You can come get rich with us, you gon' eat or you gon' starve? Keep a certified hitter sittin', I pay him not to rob Hop out 2020 Cullinan, I'm ridin' in the stars Know some people hate that I'm on top, I bulletproofed the car All the members made free bands off packs, live like they crackin' cards Joe know for a fact I keep it real, he still ain't take the charge Why she talkin' crazy 'bout me like I don't do more than my part? I can't play with my creation, give the world to my lil' boys I been savin' more than I been spendin', that's what I bе on I'm a human, I'm not perfect, I know sometimеs I be wrong [Chorus] I'm like, ""Come and put that pussy on me, don't be runnin' from me"" If I like it, I spend money on it, get whatever from me Put six figures in your business, I do real shit I drop cash at the dealership, they'll mail you a pink slip She make sure she keep her nails did and her wig fixed Went to jail and that one held me down, she a real bitch Hundred rounds in the double drum, this a Kel-Tec Marco been in prison for a while, but he still flex  [Verse 2] I told brodie 'nem to park the car, but they still wrecked I don't think nobody around steal, but I still check I don't got a hundred mil' yet, I can't chill yet But don't get it misconstrued, yeah, I get real checks Baby fuckin' like a pornstar, we have real sex Have nobody in our business, we take Learjets Say she like when I perform, so I fuck her with my chains on And she handlin' her part, so I let her play the main role Ain't have to get rich for these partners, still with the same folks And I can't beef with none of you niggas, not in the same boat I'm never gon' get caught up about it, know how the game go Tennis chain bustin', look like rainbows  [Chorus] I'm like, ""Come and put that pussy on me, don't be runnin' from me"" If I like it, I spend money on it, get whatever from me Put six figures in your business, I do real shit I drop cash at the dealership, they'll mail you a pink slip She make sure she keep her nails did and her wig fixed Went to jail and that one held me down, she a real bitch Hundred rounds in the double drum, this a Kel-Tec Marco been in prison for a while, but he still flex You might also like[Outro] I'm like, ""Come and put that pussy on me, don't be runnin' from me"" If I like it, I spend money on it, get whatever from me36Embed"
lilbaby,"101 ContributorsTranslationsРусскийPortuguêsEmotionally Scarred Lyrics[Verse 1] A love letter came through the mail, it said, ""I miss you"" I ripped it up and flushed with the tissue, try to forget you I ain't got nothing against you, we human, we all got issues But I'm tired of being tired of being tired That part of me done died I see it, then I don't, act like I'm blind I'm confident it won't be one of mine I know emotions come with lies, so I tell the truth all the time Ain't got no sympathy for no bitch I admit that I'm rich and I'm lit Jumpin' up on stages, I get two hundred an occasion Bro had really fucked the game up, we made niggas shut they trap down They see how I made it, I'm the reason they won't rap now See me out in traffic, make a hater pull his hat down The biggest OG's salute me, a stylist can't even style me The robbers probably wanna get me, I'm hoppin' out Lamborghinis The youngins turn in my city, they try me, I get it cracking Some of this still would happen if I never had started rapping My people them still steady trapping and they still be getting active I tell 'em to chill, I'm tryna run up these M's Paid cash and then he post the crib (Nah) I can't show nobody where my mama live, that's how I 'posed to feel My niece just asked me were my diamonds real, I said, ""Of course"" I just played the hand that I was dealt, didn't have to force All around the world they know it's me, they hear my voice And I done it all in a pair of Diors, yeah [Chorus] Young age, learned how to get paid (We gon' get the money) Big stage, long way from Section 8 (Ballin' other countries) Big wave, he gon' have to get saved (Big old wave) Ridin' in the foreign, chiefin' on the forest I know I wasn't there for you, at least I said I'm sorry You know what it was, I told you that I was heartless I'm emotionally scarred, that ain't even your fault But don't listen to them haters tryna fill your ears with salt  [Verse 2] All this revenue coming in, I'll probably never spend I just bought my BM a Benz, now that's another Benz I just cut off all of my friends and brought my brothers in I don't see nobody but me, who I'm gon' lose to? I can't move around without tools, these niggas loose screws I can see me taking the lead over the new school They remember me from selling weed at my old school Only hit it once and now it's old news Blew up, who the fuck would knew? Paint my Trackhawk Nipsey Blue If I get one, you get one too, I really move how bosses move I never call myself a G.O.A.T., I leave that up to the people Everybody can't go to the top, I had to leave some people I'ma be forever scheming, woke up, I thought I was dreaming Watched my lil' boy play with toys, I just dropped a tear of joy Some shit that I feel for I been going crazy with that scoring, call me Baby Harden They say I'll be great, I guess I'm waiting for it You might also like[Chorus] Young age, learned how to get paid (We gon' get the money) Big stage, long way from Section 8 (Ballin' other countries) Big wave, he gon' have to get saved (Big old wave) Ridin' in the foreign, chiefin' on the forest I know I wasn't there for you, at least I said I'm sorry You know what it was, I told you that I was heartless I'm emotionally scarred, that ain't even your fault But don't listen to them haters tryna fill your ears with salt Young age, learned how to get paid (We gon' get the money) Big stage, long way from Section 8 (Ballin' other countries) Big wave, he gon' have to get saved (Big old wave) Ridin' in the foreign, chiefin' on the forest I know I wasn't there for you, at least I said I'm sorry You know what it was, I told you that I was heartless I'm emotionally scarred, that ain't even your fault But don't listen to them haters tryna fill your ears with salt72Embed"
drake,"632 ContributorsTranslationsРусскийTürkçeEspañolPolskiItalianoDeutschFrançaisAzərbaycanca / آذربايجانGod’s Plan Lyrics[Intro] And they wishin' and wishin' And wishin' and wishin', they wishin' on me Yeah  [Verse 1] I been movin' calm, don't start no trouble with me Tryna keep it peaceful is a struggle for me Don't pull up at 6 AM to cuddle with me You know how I like it when you lovin' on me I don't wanna die for them to miss me Yes, I see the things that they wishin' on me Hope I got some brothers that outlive me They gon' tell the story, shit was different with me  [Chorus] God's plan, God's plan I hold back, sometimes I won't, yeah I feel good, sometimes I don't (Ayy, don't) I finessed down Weston Road (Ayy, 'nessed) Might go down a G.O.D. (Yeah, wait) I go hard on Southside G (Yeah, wait) I make sure that north-side eat And still  [Post-Chorus] Bad things It's a lot of bad things that they wishin' and wishin' And wishin' and wishin', they wishin' on me Bad things It's a lot of bad things that they wishin' and wishin' And wishin' and wishin', they wishin' on me Yeah, ayy, ayy You might also like[Verse 2] She say, ""Do you love me?"" I tell her, ""Only partly I only love my bed and my mama, I'm sorry"" Fifty Dub, I even got it tatted on me Eighty-one, they'll bring the crashers to the party And you know me Turn the O2 into the O3, dog Without 40, Oli, there'd be no me 'Magine if I never met the broskies  [Chorus] God's plan, God's plan I can't do this on my own, ayy (No, ayy) Someone watchin' this shit close (Yep, close) I've been me since Scarlett Road, ayy (Road, ayy) Might go down as G.O.D. (Yeah, wait, yeah) I go hard on Southside G (Ayy, wait, ayy) I make sure that north-side eat, yeah And still  [Post-Chorus] Bad things It's a lot of bad things that they wishin' and wishin' And wishin' and wishin', they wishin' on me Yeah, yeah Bad things It's a lot of bad things that they wishin' and wishin' And wishin' and wishin', they wishin' on me Yeah936Embed"
drake,"216 ContributorsTranslationsEspañolFrançaisHold On, We’re Going Home Lyrics[Verse 1: Drake] I got my eyes on you You're everything that I see I want your hot love and emotion endlessly I can't get over you You left your mark on me I want your hot love and emotion endlessly  [Pre-Chorus: Drake] 'Cause you're a good girl and you know it You act so different around me 'Cause you're a good girl and you know it I know exactly who you could be  [Chorus: Drake] Just hold on, we're going home Just hold on, we're going home It's hard to do these things alone Just hold on, we're going home  [Verse 2: Drake] I got my eyes on you You're everything that I see I want your hot love and emotion endlessly I can't get over you You left your mark on me I want your hot love and emotion endlessly You might also like[Pre-Chorus: Drake] 'Cause you're a good girl and you know it You act so different around me 'Cause you're a good girl and you know it I know exactly who you could be  [Chorus: Drake & Majid Al Maskati] So just hold on, we're going home (Going home) Just hold on, we're going home (Going home) It's hard to do these things alone (Things alone) Just hold on, we're going home (Going home, going home)  [Bridge: Majid Al Maskati] You're the girl, you're the one Gave you everything I loved I think there's something, baby I think there's something, baby You're the girl, you're the one Gave you everything I loved I think there's something, baby I think there's something, baby  [Pre-Chorus: Drake & Majid Al Maskati] 'Cause you're a good girl and you know it You act so different around me 'Cause you're a good girl and you know it I know exactly who you could be [Chorus: Drake & Majid Al Maskati] Oh, just hold on, we're going home (Going home) Just hold on, we're going home (Going home) It's hard to do these things alone (Things alone) Just hold on, we're going home (Going home) Home (Going home)  [Outro: Majid Al Maskati] Hold on Oh, oh  [Produced by Nineteen85, Majid Jordan & Noah ""40"" Shebib]506Embed"
drake,"295 ContributorsTranslationsTürkçeEspañolEnglishDeutschFrançaisOne Dance Lyrics[Refrain: Kyla] Baby, I like your style  [Verse 1: Drake] Grips on your waist, front way, back way You know that I don't play Streets not safe but I never run away Even when I'm away Oti, oti There's never much love when we go OT I pray to make it back in one piece I pray, I pray  [Chorus: Drake] That's why I need a one dance Got a Hennessy in my hand One more time 'fore I go Higher powers taking a hold on me I need a one dance Got a Hennessy in my hand One more time 'fore I go Higher powers taking a hold on me [Refrain: Kyla] Baby, I like your style You might also like[Verse 2: Drake] Strength and guidance All that I'm wishing for my friends Nobody makes it from my ends I had to bust up the silence You know you gotta stick by me Soon as you see the text, reply me I don't wanna spend time fighting We've got no time, and that's why  [Chorus: Drake] I need a one dance Got a Hennessy in my hand One more time 'fore I go Higher powers taking a hold on me I need a one dance Got a Hennessy in my hand One more time 'fore I go Higher powers taking a hold on me  [Post-Chorus: Wizkid] Got a pretty girl and she love me long time Wine it, wine it, she love me long time Oh, yeah, very long time Back up, back up, back up, and wine am Back up, back up, and wine am, girl, just Back up, back up, back up, and wine am Oh, yeah, very long time Back, up, back up and wine am, girl [Bridge: Kyla] Oh, tell me, I need to know Where do you wanna go? 'Cause if you're down, I'll take it slow Make you lose control  [Breakdown: Kyla & Wizkid] Where, where, where Where, where, where, where (Oh, yeah, very long time) Where, where, where (Back up, back up, and wine am, girl) Where, where, where, where 'Cause if you're down (Back up, back up, and–) 'Cause if you're down (Back up, back up, and–) 'Cause if you're down (Back up, back up, and–)  [Chorus: Drake & Kyla] I need a one dance (Where, where, where) Got a Hennessy in my hand (Where, where, where, where) One more time 'fore I go (Where) Higher powers taking a hold on me (Where, where, where, where) I need a one dance Got a Hennessy in my hand One more time 'fore I go Higher powers taking a hold on me [Outro] How do you spell ""Hennessy?"" I put two ""N""s and two ""S""es, is it like that? Hen... Henn... Henn... It's definitely not showing up I know ""Hennessy"" has two ""S""es for sure, so I'm gonna take out one of the ""N""s234Embed"
drake,"366 ContributorsTranslationsไทย / Phasa ThaiPortuguêsEspañolDeutschIn My Feelings Lyrics[Intro: Drake] Trap, TrapMoneyBenny This shit got me in my feelings Gotta be real with it, yeah  [Chorus: Drake] Kiki, do you love me? Are you riding? Say you'll never ever leave from beside me 'Cause I want ya, and I need ya And I'm down for you always KB, do you love me? Are you riding? Say you'll never ever leave from beside me 'Cause I want ya, and I need ya And I'm down for you always  [Verse: Drake] Look, the new me is really still the real me I swear you gotta feel me before they try and kill me They gotta make some choices, they runnin' out of options 'Cause I've been goin' off and they don't know when it's stoppin' And when you get to toppin', I see that you've been learnin' And when I take you shoppin', you spend it like you earned it And when you popped off on your ex he deserved it I thought you were the one from the jump, that confirmed it TrapMoneyBenny, ayy I buy you Champagne but you love some Henny From the block like you Jenny I know you special, girl, 'cause I know too many You might also like[Chorus: Drake] 'Resha, do you love me? Are you riding? Say you'll never ever leave from beside me 'Cause I want ya, and I need ya And I'm down for you always JT, do you love me? Are you riding? Say you'll never ever leave from beside me 'Cause I want ya, and I need ya And I'm down for you always  [Interlude: JT, Yung Miami, Drake & Magnolia Shorty] Two bad bitches and we kissin' in the Wraith Kissin'-kissin' in the Wraith, kiss-kissin' in the Wraith I need that black card and the code to the safe Code to the safe, code-code to the safe-safe I show him how that neck work Fuck that Netflix and chill—what's your net-net-net worth? 'Cause I want ya, and I need ya And I'm down for you always Yeah, yeah, yeah, yeah, he bad And I'm down for you always Yeah, yeah, yeah, guess who's back And I'm down for you always D-down for you al– Black biggy biggy black biggy black blake D-d-down for you always I got a new boy, and that nigga trade! [Chorus: Drake] Kiki, do you love me? Are you riding? Say you'll never ever leave from beside me 'Cause I want you, and I need you And I'm down for you always KB, do you love me? Are you riding? Say you'll never ever leave from beside me 'Cause I want ya, and I–  [Breakdown: Lil Wayne & Magnolia Shorty] Skate and Smoke and Rap Now let me see you Bring that ass, bring that ass, bring that ass back! B-bring that ass, bring that ass, bring that ass back! Shawty say the nigga that she with can't hit But shawty, I'ma hit it, hit it like I can't miss Now let me see you Clap that ass, you're the only one I love Clap that ass, clap-clap that ass! Bring that ass back! Clap-clap-clap that ass, you're the only one I love Let's go, let's go, let's go! Bring that ass back!  [Outro: Drake] Trap, TrapMoneyBenny This shit got me in my feelings Gotta be real with it, yup BlaqNmilD, you a genius, you diggin' me? [Skit: Zazie Beetz] I don't even care, I need a photo with Drake Because my Instagram is weak as fuck I'm just being real, my shit, look–214Embed"
drake,"311 ContributorsTranslationsTürkçeEspañolPortuguêsFrançaisHotline Bling Lyrics[Intro] You used to call me on my You used to, you used to Yeah  [Chorus] You used to call me on my cell phone Late-night when you need my love Call me on my cell phone Late-night when you need my love And I know when that hotline bling That can only mean one thing I know when that hotline bling That can only mean one thing  [Verse 1] Ever since I left the city, you Got a reputation for yourself now Everybody knows and I feel left out Girl, you got me down, you got me stressed out 'Cause ever since I left the city, you Started wearing less and goin' out more Glasses of champagne out on the dance floor Hangin' with some girls I never seen before  [Chorus] You used to call me on my cell phone Late-night when you need my love Call me on my cell phone Late-night when you need my love I know when that hotline bling That can only mean one thing I know when that hotline bling That can only mean one thing You might also like[Verse 2] Ever since I left the city, you, you, you You and me, we just don't get along You make me feel like I did you wrong Going places where you don't belong Ever since I left the city, you You got exactly what you asked for Running out of pages in your passport Hangin' with some girls I've never seen before  [Chorus] You used to call me on my cell phone Late-night when you need my love Call me on my cell phone Late-night when you need my love And I know when that hotline bling That can only mean one thing I know when that hotline bling That can only mean one thing  [Bridge] These days, all I do is Wonder if you're bendin' over backwards for someone else Wonder if you're rolling up a Backwoods for someone else Doing things I taught you, gettin' nasty for someone else You don't need no one else You don't need nobody else, no Why you never alone? Why you always touching road? Used to always stay at home Be a good girl, you was in the zone Yeah, you should just be yourself Right now, you're someone else [Chorus] You used to call me on my cell phone Late-night when you need my love Call me on my cell phone Late-night when you need my love And I know when that hotline bling That can only mean one thing I know when that hotline bling That can only mean one thing  [Outro] Ever since I left the city [Produced by Nineteen85]646Embed"
